name,rmse_test
janssen,24597.89662
Wong,30460.63671
Murray,30647.33438
higgins,30942.93394
Zhai,31293.41688
xu,32620.74333
baker,32743.30176
Friedl,33022.30363
Zhao,33458.21925
lau,33612.43699
Nasir,33614.58778
Tanchone,33614.58778
Villwock,33769.57339
Cha,34590.98569
yin,34645.51185
Vo,34894.82567
Jolly,35820.69517
Jett,36317.4072
Hwang,36431.36761
ahmed,37965.40643
Yu,39838.84999
cox,39934.42963
khoury,47946.93838
holenarasipura,68106.63365
Zhang,Inf
