name,rmse_test
Dong,25495.531980155924
Simental,28733.215683564995
Phipps,28794.84296414547
Yang,30420.01294953028
Li,31534.42208739568
Yu,31874.120326073215
,32606.1503814169
,33614.58777755929
,33877.07005555741
,33879.186278892754
,34315.3073320205
,34692.21735532096
,35034.74388442456
,35154.67497960566
,35683.85061423707
,36101.95355089208
,36266.80050557203
,36473.84369792509
,38974.43081127086
,42367.31127870535
